<?xml version="1.0" encoding="UTF-8"?>
<beans xmlns="http://www.springframework.org/schema/beans"
	xmlns:xsi="http://www.w3.org/2001/XMLSchema-instance"
	xmlns:context="http://www.springframework.org/schema/context"
	xmlns:mvc="http://www.springframework.org/schema/mvc"
	xsi:schemaLocation="http://www.springframework.org/schema/mvc http://www.springframework.org/schema/mvc/spring-mvc-4.3.xsd
		http://www.springframework.org/schema/beans https://www.springframework.org/schema/beans/spring-beans.xsd
		http://www.springframework.org/schema/context http://www.springframework.org/schema/context/spring-context-4.3.xsd">

	<!-- Interceptor 처리를 위한 컨트롤러 목록을 등록할 객체를 생성한다. 
		beans에 context, mvc를 추가하여야 한다. (namespaces탭에서 추가) 마이바티스는 제외함	
	-->
	<mvc:interceptors>
		<mvc:interceptor>
			<mvc:mapping path="/board/boardFrm"/>
			<mvc:mapping path="/board/boardFormOk"/>
			<mvc:mapping path="/member/memberEdit"/>
			<mvc:mapping path="/member/memberEditOk"/>
			<bean class="com.hanwha.myapp.interceptor.LoginInterceptor"/>
		</mvc:interceptor>
	</mvc:interceptors>


</beans>
