<?xml version="1.0" encoding="UTF-8"?>
<!DOCTYPE mapper
  PUBLIC "-//mybatis.org//DTD Mapper 3.0//EN"
  "http://mybatis.org/dtd/mybatis-3-mapper.dtd">
<mapper namespace="com.hanwha.myapp.dao.BoardDAO">
	<insert id="boardWriteOk">
		insert into board(no, title, content, userid, ip)
		values(boardsq.nextval,#{title},#{content}, #{userid},#{ip})
	</insert>
	<select id="totalRecord" resultType="int">
		select count(no) cnt from board
		<if test='searchWord != null'>
			where ${searchKey} like '%${searchWord}%'
		</if>
	</select>
	<select id="boardList" resultType="com.hanwha.myapp.vo.BoardVO">
	select no, title, userid, hit, writedate from 
		(select no, title, userid, hit, writedate from 	
			(select no, title, userid, hit, to_char(writedate, 'MM-DD HH:MI') writedate 
				from board 
				<if test='searchWord!=null'>
					where ${searchKey} like '%${searchWord}%'
				</if>
				order by no desc)
			where rownum <![CDATA[<=]]>#{selectRecord} order by no asc)
		where rownum <![CDATA[<=]]>#{pickRecord} order by no desc	
	</select>
	<update id="boardHitCount">
		update board set hit = hit+1 where no=#{param1}
	</update>
	<select id="boardView" resultType="com.hanwha.myapp.vo.BoardVO">
		select no, title, userid, content, hit, writedate from board
		where no=#{param1}
	</select>
	<update id="boardEditOk">
		update board set title=#{title}, content=#{content}
		where no=#{no} and userid=#{userid}
	</update>
	<delete id="boardDel">
		delete from board where no=#{param1} and userid=#{param2}
	</delete>
</mapper>